stem,n
activ,7353
physic,6799
fruit,6757
grain,6069
life,5694
happi,5436
veget,5074
boost,4621
diet,4538
enhanc,4480
incorpor,4472
color,4352
vibrant,4327
fulfil,4134
mood,3792
lead,3599
veggi,3385
improv,3276
meal,3130
varieti,2855
elev,2786
health,2715
daili,2562
rich,2557
routin,2478
increas,2452
protein,2401
regular,2372
joi,2371
energi,2339
level,2263
enjoy,2146
engag,2072
result,2013
mix,2004
quinoa,1953
spirit,1876
satisfi,1825
exercis,1821
consist,1766
fun,1759
pack,1625
avocado,1609
bodi,1523
food,1442
mental,1383
exist,1339
nutrient,1306
dai,1292
experi,1274
lifestyl,1259
healthi,1226
balanc,1097
moder,1089
fill,1086
danc,1073
significantli,1060
posit,1058
ad,1049
nourish,1042
satisfact,970
stai,952
ultim,951
particip,939
arrai,933
creami,922
nutriti,920
divers,887
content,847
sens,845
adjust,832
vital,829
simpl,820
outlook,813
enrich,808
uplift,804
habit,783
maintain,779
rang,778
tahini,759
regularli,728
energ,724
fresh,722
joy,711
lentil,711
alongsid,710
combin,698
schedul,686
greatli,682
includ,671
hearti,631
embrac,619
feel,617
fuel,606
bring,577
add,572
infus,566
well,566
excit,560
reward,550
juici,519
everydai,512
shift,501
signific,499
consum,473
pair,464
chang,458
transform,446
spontan,444
gratifi,436
priorit,433
qualiti,429
dens,415
mindset,415
wholesom,403
integr,402
zesti,398
invigor,384
lift,377
yoga,366
happier,359
perspect,345
break,338
round,336
chickpea,333
dynam,329
assort,323
impact,322
dress,315
bean,304
move,302
session,301
tangi,301
notic,297
enjoi,296
rainbow,296
crunchi,294
lean,289
hike,281
coupl,278
dish,277
workout,272
burst,270
choic,267
bust,266
salsa,265
dramat,263
energet,254
stick,247
hummu,241
heighten,240
kale,234
lusciou,228
mind,228
ripe,228
creat,226
extra,224
complet,223
inject,223
berri,221
practic,219
spice,219
smooth,216
nut,210
fiber,207
commit,206
medlei,202
weekli,202
green,201
live,200
plate,200
impromptu,197
achiev,194
indulg,194
leafi,194
blueberri,192
success,192
emot,190
select,185
delici,183
forget,183
revit,180
brighten,178
amplifi,176
sweet,173
focus,172
parti,172
pop,172
ensur,167
delight,164
plenti,163
aspect,161
wonder,160
groov,159
easi,157
base,146
brighter,146
plant,146
maxim,145
cultiv,143
optim,142
flavor,139
richer,139
tune,138
produc,136
ingredi,134
legum,132
sustain,132
potato,129
music,126
sourc,126
power,125
dose,123
frequent,123
sauc,123
bold,122
wide,121
spinach,120
vari,120
prioriti,119
introduc,117
crisp,116
meat,116
succul,115
seed,114
dedic,113
eat,113
sprinkl,113
effect,110
favorit,110
splash,107
addit,106
adopt,106
chocol,106
exhilar,105
savor,105
liveli,104
throw,104
butteri,102
liven,102
vinaigrett,102
lemon,101
pot,100
blend,97
surg,97
last,95
abund,93
profound,92
vibe,92
essenti,91
velveti,91
crispi,87
peak,87
process,87
sleep,87
jazz,86
sugar,86
hue,85
leav,83
contribut,80
bright,78
wellb,74
differ,72
rejuven,72
chi,71
dark,71
tai,71
bowl,70
decad,70
promot,70
swim,70
accomplish,69
effort,69
motiv,69
chest,68
focu,68
treasur,68
dine,67
mouthwat,67
featur,65
prosper,65
adventur,64
approach,64
dinner,63
potenti,62
feed,61
help,61
optimist,61
pleasur,61
provid,61
cycl,60
stimul,60
substanti,59
foster,58
tweak,58
healthier,57
random,57
lime,56
stamina,56
gold,55
altern,54
exot,54
huge,54
tantal,54
attitud,52
time,52
vibranc,52
revolution,51
ripen,51
sun,51
addition,50
basi,50
black,50
digest,50
drizzl,50
metabol,50
option,50
rice,50
thrill,50
cut,49
kiwi,49
ramp,49
regimen,49
switch,49
alert,48
aliv,48
amaranth,48
attract,48
chia,48
raspberri,48
class,47
delect,47
walk,47
bike,45
crucial,45
dash,45
karaok,45
natur,45
meaning,44
cuisin,43
implement,43
pilat,43
fat,42
remark,42
sporad,42
benefit,41
hit,41
kei,41
notabl,41
zest,41
outdoor,40
silki,40
clariti,39
develop,39
soul,39
sunshin,39
consciou,38
diseas,38
fit,38
mixtur,38
refresh,38
brisk,37
oil,37
pattern,37
pizzazz,37
carrot,36
strive,36
chronic,35
jam,35
weav,35
give,34
risk,34
brown,33
butter,33
cognit,33
intens,33
shimmi,33
top,33
jog,32
plethora,32
step,32
weight,32
world,32
consumpt,31
manag,31
pep,31
cashew,30
fullest,30
reduc,30
skyrocket,30
calori,29
culinari,29
readi,29
spectrum,29
support,29
form,28
lower,28
individu,27
pose,27
li,26
minor,26
tandem,26
hiit,25
oliv,24
overhaul,24
aid,23
factor,23
shake,23
take,22
partak,21
tasti,20
holist,19
play,19
rock,19
strawberri,19
joyou,18
major,18
mango,18
pump,18
sunnier,18
climb,17
light,17
listen,17
tabl,17
wild,17
cheer,16
conjunct,16
control,16
drink,16
hydrat,16
insid,16
medit,16
portion,16
recharg,16
water,16
board,15
brussel,15
complement,15
empow,15
farro,15
limit,15
plai,15
sprout,15
allow,14
benefici,14
compon,14
decis,14
immun,14
surpris,14
system,14
vigor,14
absorpt,13
adequ,13
densiti,13
ignit,13
inform,13
macronutri,13
nutrit,13
pursuit,13
ratio,13
renew,13
role,13
understand,13
wit,13
bite,12
body',12
cue,12
hunger,12
kaleidoscop,12
nurtur,12
relationship,12
stronger,12
diversifi,11
innov,11
intern,11
keep,11
kitchen,11
luxuri,11
reap,11
smile,11
cornerston,10
discov,10
excess,10
gym,10
heart,10
height,10
load,10
mealtim,10
moment,10
nutrition,10
pivot,10
prevent,10
savori,10
sound,10
term,10
wise,10
afraid,9
compris,9
nutti,9
rev,9
upbeat,9
vitamin,9
win,9
colorfulli,8
kickbox,8
miner,8
playlist,8
scrumptiou,8
spici,8
accompani,7
catchi,7
drastic,7
game,7
ill,7
local,7
movement,7
opt,7
perform,7
punch,7
spark,7
supercharg,7
symphoni,7
broaden,6
citru,6
enabl,6
establish,6
function,6
guess,6
slight,6
strategi,6
total,6
type,6
boogi,5
chanc,5
effortless,5
endorphin,5
gentl,5
journei,5
milk,5
occasion,5
peach,5
radiant,5
stew,5
tast,5
tzatziki,5
view,5
aim,4
almond,4
appl,4
attain,4
brim,4
bud,4
butternut,4
challeng,4
delv,4
even,4
immers,4
kayak,4
multitud,4
pave,4
potteri,4
receiv,4
seamlessli,4
sing,4
squash,4
strong,4
train,4
triumph,4
watch,4
adher,3
advantag,3
amp,3
behavior,3
comfort,3
cook,3
element,3
explor,3
fantast,3
free,3
global,3
mark,3
orang,3
pleasant,3
prepar,3
radiat,3
robust,3
season,3
shot,3
smart,3
start,3
strength,3
strengthen,3
sunni,3
tackl,3
turbocharg,3
uncommon,3
upgrad,3
yield,3
absorb,2
amount,2
assist,2
build,2
check,2
cornucopia,2
deliber,2
drive,2
farm,2
fuller,2
goal,2
herb,2
inspir,2
join,2
jump,2
newfound,2
passion,2
permeat,2
powerhous,2
properli,2
psycholog,2
rate,2
seafood,2
sharp,2
soar,2
sport,2
thought,2
twist,2
version,2
ancient,1
awaken,1
balsam,1
bit,1
bolster,1
breath,1
busi,1
care,1
consider,1
couscou,1
deep,1
enthusiasm,1
explos,1
finish,1
fish,1
fusion,1
gratitud,1
guacamol,1
herbal,1
hobbi,1
impress,1
intention,1
interpret,1
item,1
jig,1
miso,1
one',1
optimum,1
pomegran,1
quotient,1
recip,1
relax,1
resili,1
salmon,1
spur,1
steadi,1
stress,1
superfood,1
tea,1
techniqu,1
toss,1
tropic,1
upsw,1
uptick,1
zone,1
